Incident_ID,Attack Source
1802,Hacker Group
1191,Hacker Group
1818,Hacker Group
252,Hacker Group
2506,Hacker Group
1118,Hacker Group
1412,Hacker Group
2114,Hacker Group
409,Hacker Group
2580,Hacker Group
2255,Hacker Group
53,Hacker Group
645,Hacker Group
1764,Hacker Group
2777,Hacker Group
901,Hacker Group
1074,Hacker Group
473,Hacker Group
2739,Hacker Group
2547,Hacker Group
45,Hacker Group
290,Hacker Group
913,Hacker Group
2084,Hacker Group
1361,Hacker Group
2896,Hacker Group
2604,Hacker Group
1227,Hacker Group
297,Hacker Group
1242,Hacker Group
1006,Hacker Group
1666,Hacker Group
747,Hacker Group
2852,Hacker Group
292,Hacker Group
782,Hacker Group
2145,Hacker Group
323,Hacker Group
299,Hacker Group
1299,Hacker Group
195,Hacker Group
64,Hacker Group
394,Hacker Group
728,Hacker Group
1584,Hacker Group
1548,Hacker Group
2426,Hacker Group
15,Hacker Group
2568,Hacker Group
1601,Hacker Group
1091,Hacker Group
2112,Hacker Group
204,Hacker Group
2419,Hacker Group
153,Hacker Group
2902,Hacker Group
1360,Hacker Group
773,Hacker Group
2679,Hacker Group
1002,Hacker Group
719,Hacker Group
613,Hacker Group
843,Hacker Group
267,Hacker Group
52,Hacker Group
1196,Hacker Group
1271,Hacker Group
1492,Hacker Group
1583,Hacker Group
522,Hacker Group
1695,Hacker Group
2664,Hacker Group
2749,Hacker Group
1922,Hacker Group
103,Hacker Group
696,Hacker Group
2333,Hacker Group
2725,Hacker Group
2273,Hacker Group
2483,Hacker Group
1843,Hacker Group
1831,Hacker Group
795,Hacker Group
1821,Hacker Group
2002,Hacker Group
145,Hacker Group
2526,Hacker Group
1331,Hacker Group
2478,Hacker Group
2882,Hacker Group
322,Hacker Group
1262,Hacker Group
2415,Hacker Group
1270,Hacker Group
1761,Hacker Group
417,Hacker Group
2632,Hacker Group
2292,Hacker Group
175,Hacker Group
1726,Hacker Group
2176,Hacker Group
46,Hacker Group
686,Hacker Group
1608,Hacker Group
1232,Hacker Group
863,Hacker Group
1966,Hacker Group
332,Hacker Group
94,Hacker Group
1642,Hacker Group
2987,Hacker Group
507,Hacker Group
2910,Hacker Group
2046,Hacker Group
496,Hacker Group
2133,Hacker Group
1,Hacker Group
315,Hacker Group
1273,Hacker Group
1942,Hacker Group
2968,Hacker Group
1317,Hacker Group
756,Hacker Group
1771,Hacker Group
1201,Hacker Group
2175,Hacker Group
1992,Hacker Group
880,Hacker Group
766,Hacker Group
928,Hacker Group
2378,Hacker Group
1375,Hacker Group
1815,Hacker Group
1799,Hacker Group
930,Hacker Group
437,Hacker Group
197,Hacker Group
1763,Hacker Group
1065,Hacker Group
2343,Hacker Group
2529,Hacker Group
1269,Hacker Group
2324,Hacker Group
2780,Hacker Group
2226,Hacker Group
451,Hacker Group
2165,Hacker Group
2373,Hacker Group
2013,Hacker Group
271,Hacker Group
1841,Hacker Group
2935,Hacker Group
979,Hacker Group
2167,Hacker Group
355,Hacker Group
1877,Hacker Group
185,Hacker Group
2745,Hacker Group
1615,Hacker Group
2760,Hacker Group
1707,Hacker Group
1862,Hacker Group
247,Hacker Group
556,Hacker Group
1753,Hacker Group
1365,Hacker Group
68,Hacker Group
2619,Hacker Group
2285,Hacker Group
533,Hacker Group
2874,Hacker Group
2706,Hacker Group
1503,Hacker Group
762,Hacker Group
2753,Hacker Group
1212,Hacker Group
2244,Hacker Group
1794,Hacker Group
536,Hacker Group
1747,Hacker Group
464,Hacker Group
2678,Hacker Group
1840,Hacker Group
2863,Hacker Group
125,Hacker Group
179,Hacker Group
193,Hacker Group
2308,Hacker Group
1430,Hacker Group
1692,Hacker Group
742,Hacker Group
1035,Hacker Group
1967,Hacker Group
479,Hacker Group
1028,Hacker Group
2602,Hacker Group
369,Hacker Group
2524,Hacker Group
846,Hacker Group
257,Hacker Group
1223,Hacker Group
1993,Hacker Group
212,Hacker Group
2690,Hacker Group
1950,Hacker Group
1363,Hacker Group
2152,Hacker Group
2154,Hacker Group
568,Hacker Group
2207,Hacker Group
2094,Hacker Group
1711,Hacker Group
1264,Hacker Group
2124,Hacker Group
799,Hacker Group
81,Hacker Group
33,Hacker Group
415,Hacker Group
1805,Hacker Group
2214,Hacker Group
1322,Hacker Group
1568,Hacker Group
784,Hacker Group
2992,Hacker Group
1413,Hacker Group
458,Hacker Group
140,Hacker Group
2231,Hacker Group
1026,Hacker Group
89,Hacker Group
1443,Hacker Group
1832,Hacker Group
2577,Hacker Group
255,Hacker Group
606,Hacker Group
1045,Hacker Group
569,Hacker Group
1733,Hacker Group
2543,Hacker Group
858,Hacker Group
2473,Hacker Group
818,Hacker Group
2031,Hacker Group
1878,Hacker Group
142,Hacker Group
444,Hacker Group
1175,Hacker Group
487,Hacker Group
882,Hacker Group
2565,Hacker Group
1085,Hacker Group
1300,Hacker Group
176,Hacker Group
1095,Hacker Group
2701,Hacker Group
2847,Hacker Group
1964,Hacker Group
2682,Hacker Group
2098,Hacker Group
2156,Hacker Group
1557,Hacker Group
1671,Hacker Group
178,Hacker Group
1079,Hacker Group
599,Hacker Group
2191,Hacker Group
2532,Hacker Group
2668,Hacker Group
2787,Hacker Group
480,Hacker Group
1968,Hacker Group
1058,Hacker Group
2269,Hacker Group
534,Hacker Group
1104,Hacker Group
1107,Hacker Group
2928,Hacker Group
1124,Hacker Group
943,Hacker Group
163,Hacker Group
1552,Hacker Group
966,Hacker Group
472,Hacker Group
845,Hacker Group
999,Hacker Group
1905,Hacker Group
31,Hacker Group
2891,Hacker Group
424,Hacker Group
512,Hacker Group
2759,Hacker Group
2738,Hacker Group
1394,Hacker Group
1587,Hacker Group
1930,Hacker Group
2498,Hacker Group
788,Hacker Group
2637,Hacker Group
2539,Hacker Group
403,Hacker Group
434,Hacker Group
1152,Hacker Group
74,Hacker Group
1537,Hacker Group
2710,Hacker Group
622,Hacker Group
1438,Hacker Group
1560,Hacker Group
1567,Hacker Group
325,Hacker Group
333,Hacker Group
1393,Hacker Group
651,Hacker Group
2237,Hacker Group
1534,Hacker Group
2164,Hacker Group
544,Hacker Group
2959,Hacker Group
1819,Hacker Group
1625,Hacker Group
1178,Hacker Group
680,Hacker Group
2097,Hacker Group
2030,Hacker Group
1660,Hacker Group
1638,Hacker Group
240,Hacker Group
2125,Hacker Group
2620,Hacker Group
2291,Hacker Group
765,Hacker Group
1129,Hacker Group
1886,Hacker Group
1117,Hacker Group
1103,Hacker Group
2848,Hacker Group
2331,Hacker Group
1362,Hacker Group
2317,Hacker Group
1408,Hacker Group
2530,Hacker Group
344,Hacker Group
1106,Hacker Group
2593,Hacker Group
558,Hacker Group
1476,Hacker Group
2704,Hacker Group
595,Hacker Group
1558,Hacker Group
412,Hacker Group
1056,Hacker Group
2474,Hacker Group
109,Hacker Group
2026,Hacker Group
2707,Hacker Group
319,Hacker Group
2719,Hacker Group
841,Hacker Group
2958,Hacker Group
1352,Hacker Group
2826,Hacker Group
2367,Hacker Group
1883,Hacker Group
681,Hacker Group
730,Hacker Group
790,Hacker Group
1814,Hacker Group
1346,Hacker Group
1869,Hacker Group
2070,Hacker Group
433,Hacker Group
565,Hacker Group
1749,Hacker Group
1777,Hacker Group
71,Hacker Group
1789,Hacker Group
1230,Hacker Group
1513,Hacker Group
57,Hacker Group
1602,Hacker Group
652,Hacker Group
2177,Hacker Group
898,Hacker Group
786,Hacker Group
310,Hacker Group
2405,Hacker Group
1742,Hacker Group
908,Hacker Group
603,Hacker Group
1179,Hacker Group
2298,Hacker Group
1746,Hacker Group
1162,Hacker Group
1510,Hacker Group
2096,Hacker Group
1578,Hacker Group
573,Hacker Group
555,Hacker Group
946,Hacker Group
2997,Hacker Group
875,Hacker Group
2995,Hacker Group
1570,Hacker Group
2669,Hacker Group
2628,Hacker Group
1554,Hacker Group
121,Hacker Group
2660,Hacker Group
810,Hacker Group
2187,Hacker Group
1619,Hacker Group
314,Hacker Group
1563,Hacker Group
234,Hacker Group
508,Hacker Group
1337,Hacker Group
1386,Hacker Group
112,Hacker Group
1579,Hacker Group
411,Hacker Group
219,Hacker Group
2115,Hacker Group
1308,Hacker Group
1081,Hacker Group
760,Hacker Group
912,Hacker Group
808,Hacker Group
440,Hacker Group
545,Hacker Group
486,Hacker Group
2476,Hacker Group
388,Hacker Group
2917,Hacker Group
1193,Hacker Group
1231,Hacker Group
1211,Hacker Group
1274,Hacker Group
1940,Hacker Group
2304,Hacker Group
931,Hacker Group
136,Hacker Group
1781,Hacker Group
2168,Hacker Group
1498,Hacker Group
2257,Hacker Group
367,Hacker Group
2025,Hacker Group
2898,Hacker Group
30,Hacker Group
2502,Hacker Group
2969,Hacker Group
1048,Hacker Group
2888,Hacker Group
1422,Hacker Group
1489,Hacker Group
184,Hacker Group
1135,Hacker Group
189,Hacker Group
421,Hacker Group
171,Hacker Group
1378,Hacker Group
461,Hacker Group
44,Hacker Group
88,Hacker Group
1323,Hacker Group
1741,Hacker Group
706,Hacker Group
904,Hacker Group
283,Hacker Group
2459,Hacker Group
694,Hacker Group
2090,Hacker Group
2067,Hacker Group
258,Hacker Group
2645,Hacker Group
2595,Hacker Group
2443,Hacker Group
2884,Hacker Group
1217,Hacker Group
1042,Hacker Group
2454,Hacker Group
150,Hacker Group
1737,Hacker Group
2359,Hacker Group
2393,Hacker Group
2442,Hacker Group
2113,Hacker Group
2418,Hacker Group
135,Hacker Group
2931,Hacker Group
832,Hacker Group
1801,Hacker Group
2930,Hacker Group
2989,Hacker Group
1899,Hacker Group
865,Hacker Group
529,Hacker Group
2220,Hacker Group
431,Hacker Group
2744,Hacker Group
1745,Hacker Group
611,Hacker Group
950,Hacker Group
2812,Hacker Group
222,Hacker Group
1916,Hacker Group
2412,Hacker Group
1037,Hacker Group
2646,Hacker Group
933,Hacker Group
2556,Hacker Group
174,Hacker Group
566,Hacker Group
1961,Hacker Group
813,Hacker Group
2688,Hacker Group
959,Hacker Group
528,Hacker Group
1414,Hacker Group
1612,Hacker Group
273,Hacker Group
927,Hacker Group
1740,Hacker Group
848,Hacker Group
953,Hacker Group
1621,Hacker Group
3000,Hacker Group
2316,Hacker Group
1913,Hacker Group
2594,Hacker Group
2032,Hacker Group
1101,Hacker Group
1293,Hacker Group
2876,Hacker Group
169,Hacker Group
2377,Hacker Group
1468,Hacker Group
2767,Hacker Group
1399,Hacker Group
1229,Hacker Group
2235,Hacker Group
1739,Hacker Group
368,Hacker Group
2276,Hacker Group
868,Hacker Group
1303,Hacker Group
352,Hacker Group
2395,Hacker Group
2504,Hacker Group
980,Hacker Group
1848,Hacker Group
2371,Hacker Group
499,Hacker Group
1629,Hacker Group
211,Hacker Group
2471,Hacker Group
602,Hacker Group
228,Hacker Group
366,Hacker Group
582,Hacker Group
2856,Hacker Group
2179,Hacker Group
2019,Hacker Group
860,Hacker Group
408,Hacker Group
1921,Hacker Group
1614,Hacker Group
679,Hacker Group
1265,Hacker Group
2408,Hacker Group
692,Hacker Group
8,Hacker Group
2868,Hacker Group
1205,Hacker Group
2234,Hacker Group
416,Hacker Group
671,Hacker Group
811,Hacker Group
1090,Hacker Group
200,Hacker Group
284,Hacker Group
232,Hacker Group
2731,Hacker Group
2862,Hacker Group
97,Hacker Group
1588,Hacker Group
2570,Hacker Group
1607,Hacker Group
677,Hacker Group
1861,Hacker Group
2782,Hacker Group
2864,Hacker Group
2588,Hacker Group
1400,Hacker Group
1371,Hacker Group
105,Hacker Group
2088,Hacker Group
600,Hacker Group
1757,Hacker Group
1324,Hacker Group
